instance_name,formulation,num_facilities,num_customers,total_demand,total_capacity,capacity_slack,num_vars,num_binary_vars,num_constraints,objective_value,root_lp_objective,lp_gap_fraction,best_bound,mip_gap,runtime_sec,mip_nodes,cuts_applied,status,time_limit_sec,gurobi_version,seed,instance_source,capacity_slack_param
random_f20_c60_s0,loose_big_m,20,60,1147.0,1387.0,1.2092414995640801,1220,1220,100,2792.84,311.71825491119256,0.888386640512456,2792.6402031469074,7.15389542876502e-05,7.6019508838653564,58914.0,117,OPTIMAL,,13.0.2,0,random,1.2
random_f20_c60_s0,tight_big_m,20,60,1147.0,1387.0,1.2092414995640801,1220,1220,80,2792.84,2723.7470030705754,0.024739332338918365,2792.7606471401427,2.8412963097566804e-05,8.444951057434082,37334.0,115,OPTIMAL,,13.0.2,0,random,1.2
random_f20_c60_s0,indicator,20,60,1147.0,1387.0,1.2092414995640801,1220,1220,100,2792.84,132.0707430860327,0.9527109526195441,2792.620234175749,7.868901342405083e-05,7.287485122680664,54941.0,120,OPTIMAL,,13.0.2,0,random,1.2
